question-id	passage-id	score
0	821	1
1	223	1
2	37	1
3	444	1
4	501	1
5	103	1
6	283	1
7	192	1
8	11	1
9	703	1
10	389	1
11	833	1
12	442	1
13	446	1
14	63	1
15	662	1
16	424	1
17	453	1
18	98	1
19	541	1
20	282	1
21	879	1
22	239	1
23	872	1
24	266	1
25	905	1
26	196	1
27	722	1
28	142	1
29	795	1
30	323	1
31	290	1
32	146	1
33	457	1
34	19	1
35	301	1
36	591	1
37	415	1
38	666	1
39	503	1
40	575	1
41	566	1
42	397	1
43	559	1
43	615	1
44	33	1
45	127	1
46	511	1
47	711	1
48	119	1
48	885	1
49	634	1
50	778	1
51	737	1
52	20	1
53	728	1
54	260	1
55	383	1
56	550	1
57	438	1
58	814	1
59	254	1
60	113	1
61	124	1
62	286	1
63	551	1
64	496	1
65	781	1
66	122	1
67	51	1
68	384	1
69	475	1
70	718	1
70	718	1
71	611	1
71	857	1
72	641	1
73	499	1
74	582	1
75	293	1
76	557	1
77	297	1
78	649	1
79	848	1
80	869	1
81	360	1
81	517	1
82	353	1
83	702	1
84	597	1
85	755	1
86	498	1
87	44	1
88	111	1
89	653	1
90	626	1
91	837	1
92	105	1
92	402	1
92	402	1
93	706	1
94	244	1
95	835	1
96	490	1
97	83	1
98	145	1
99	182	1
100	739	1
101	30	1
102	87	1
103	564	1
104	4	1
104	779	1
105	804	1
106	516	1
107	683	1
108	528	1
109	588	1
110	299	1
111	484	1
112	570	1
113	343	1
114	171	1
115	909	1
116	16	1
117	862	1
118	677	1
119	349	1
120	820	1
121	817	1
122	305	1
123	347	1
124	324	1
125	727	1
126	274	1
127	36	1
127	163	1
128	348	1
129	602	1
130	613	1
131	797	1
132	845	1
133	79	1
134	880	1
135	884	1
136	608	1
137	398	1
138	287	1
139	886	1
140	364	1
141	168	1
142	146	1
142	218	1
142	704	1
143	826	1
144	74	1
145	200	1
146	229	1
147	306	1
148	430	1
148	759	1
149	638	1
150	271	1
151	459	1
152	771	1
153	794	1
154	28	1
155	901	1
156	165	1
157	636	1
158	807	1
159	59	1
160	647	1
161	532	1
162	118	1
163	77	1
164	815	1
165	729	1
166	67	1
166	544	1
167	831	1
168	292	1
169	27	1
170	657	1
171	472	1
172	10	1
173	62	1
174	414	1
175	237	1
176	691	1
177	609	1
178	32	1
179	224	1
180	860	1
181	329	1
182	144	1
183	217	1
183	433	1
184	238	1
185	25	1
186	611	1
187	379	1
188	166	1
188	210	1
188	355	1
189	270	1
190	789	1
191	865	1
192	466	1
193	534	1
194	842	1
195	782	1
196	806	1
197	586	1
198	707	1
199	174	1
200	898	1
201	252	1
202	604	1
203	407	1
204	160	1
205	363	1
206	242	1
207	272	1
208	191	1
209	633	1
210	685	1
211	431	1
212	78	1
213	786	1
214	372	1
215	493	1
216	410	1
217	178	1
217	178	1
218	828	1
219	689	1
220	344	1
221	517	1
222	186	1
223	39	1
224	573	1
224	594	1
225	241	1
225	277	1
226	651	1
227	520	1
228	522	1
229	69	1
229	70	1
229	328	1
230	836	1
230	836	1
231	24	1
232	818	1
233	313	1
234	53	1
235	317	1
236	790	1
237	425	1
238	9	1
239	138	1
240	291	1
240	863	1
241	340	1
242	56	1
243	679	1
244	492	1
245	181	1
246	508	1
247	687	1
248	255	1
249	400	1
250	263	1
251	371	1
252	456	1
253	489	1
254	525	1
255	240	1
256	825	1
257	859	1
258	462	1
259	18	1
260	214	1
261	583	1
262	336	1
263	670	1
264	302	1
265	504	1
266	278	1
267	539	1
268	461	1
269	894	1
270	376	1
271	693	1
272	655	1
273	854	1
274	682	1
275	801	1
276	660	1
277	215	1
278	537	1
279	715	1
280	57	1
281	535	1
282	650	1
283	607	1
284	68	1
285	847	1
286	714	1
287	382	1
288	527	1
289	418	1
290	230	1
291	799	1
292	228	1
293	724	1
294	656	1
295	429	1
296	669	1
297	599	1
298	452	1
299	554	1
300	264	1
301	480	1
302	47	1
303	542	1
304	12	1
305	43	1
306	756	1
307	540	1
308	275	1
309	437	1
310	777	1
311	746	1
312	345	1
313	140	1
314	205	1
315	858	1
316	808	1
317	664	1
318	409	1
319	494	1
320	645	1
321	919	1
322	652	1
323	195	1
324	105	1
324	463	1
325	261	1
326	601	1
327	1	1
328	156	1
329	690	1
330	392	1
331	569	1
332	93	1
333	673	1
333	698	1
334	356	1
335	476	1
335	716	1
336	558	1
337	84	1
338	548	1
339	547	1
340	830	1
341	455	1
342	587	1
343	350	1
344	394	1
345	624	1
346	917	1
347	89	1
347	89	1
347	268	1
347	368	1
348	684	1
349	883	1
350	132	1
351	288	1
352	125	1
353	479	1
354	198	1
355	775	1
356	911	1
357	250	1
358	412	1
359	76	1
360	15	1
361	470	1
362	464	1
363	521	1
364	680	1
365	139	1
366	308	1
367	868	1
368	236	1
369	342	1
370	94	1
370	617	1
371	658	1
372	21	1
373	314	1
374	844	1
375	34	1
376	578	1
377	61	1
377	411	1
378	5	1
379	440	1
380	920	1
381	560	1
382	581	1
383	536	1
384	284	1
385	630	1
386	88	1
387	332	1
388	678	1
389	812	1
390	553	1
391	287	1
392	374	1
393	605	1
394	765	1
395	751	1
396	515	1
397	632	1
398	861	1
399	321	1
400	876	1
401	481	1
402	216	1
403	152	1
404	450	1
405	334	1
406	203	1
407	686	1
408	519	1
409	813	1
410	421	1
411	761	1
412	295	1
413	699	1
414	92	1
415	906	1
416	135	1
417	253	1
418	710	1
419	918	1
420	123	1
421	327	1
422	399	1
423	189	1
424	661	1
425	733	1
426	867	1
427	841	1
428	780	1
429	194	1
430	381	1
431	116	1
432	172	1
433	810	1
434	483	1
435	695	1
436	750	1
437	681	1
438	671	1
439	606	1
440	823	1
441	406	1
442	554	1
443	206	1
444	391	1
445	545	1
446	155	1
447	262	1
448	35	1
449	486	1
450	428	1
451	99	1
452	559	1
452	615	1
453	903	1
454	513	1
455	816	1
456	29	1
457	646	1
458	434	1
459	107	1
460	303	1
461	514	1
462	248	1
463	354	1
464	129	1
465	207	1
466	672	1
467	231	1
468	419	1
469	614	1
470	309	1
470	309	1
470	574	1
470	574	1
471	734	1
472	426	1
473	312	1
474	776	1
475	592	1
475	628	1
476	802	1
477	159	1
478	725	1
479	774	1
480	61	1
481	304	1
482	505	1
483	386	1
484	279	1
485	465	1
486	75	1
487	361	1
488	387	1
489	6	1
490	784	1
491	280	1
492	870	1
493	663	1
494	491	1
495	269	1
496	530	1
497	895	1
498	709	1
499	153	1
500	878	1
501	526	1
502	117	1
503	40	1
504	762	1
505	69	1
506	234	1
507	767	1
508	667	1
509	141	1
510	736	1
511	370	1
512	754	1
512	754	1
512	843	1
512	843	1
513	201	1
514	855	1
515	115	1
516	610	1
517	654	1
518	167	1
519	749	1
520	367	1
520	766	1
521	732	1
522	502	1
523	42	1
524	351	1
525	590	1
526	648	1
527	910	1
528	659	1
529	404	1
530	197	1
531	644	1
532	416	1
533	209	1
534	219	1
535	507	1
536	584	1
537	629	1
538	616	1
539	8	1
540	768	1
541	335	1
542	357	1
543	97	1
544	401	1
545	518	1
546	477	1
547	896	1
548	555	1
548	668	1
549	13	1
550	52	1
551	100	1
552	892	1
553	134	1
554	95	1
555	721	1
556	712	1
557	567	1
558	546	1
559	80	1
559	913	1
560	874	1
561	796	1
562	753	1
563	377	1
564	914	1
565	742	1
566	572	1
567	447	1
568	289	1
569	612	1
570	628	1
571	245	1
572	232	1
573	811	1
574	330	1
575	529	1
576	395	1
577	157	1
578	331	1
579	373	1
580	506	1
581	887	1
582	756	1
583	34	1
583	38	1
583	283	1
584	713	1
585	915	1
586	563	1
587	912	1
588	792	1
589	773	1
590	665	1
591	864	1
592	369	1
593	469	1
593	891	1
594	908	1
595	838	1
596	320	1
597	41	1
598	747	1
599	427	1
599	893	1
600	888	1
601	72	1
602	798	1
603	211	1
604	102	1
605	800	1
606	143	1
607	487	1
608	184	1
608	311	1
609	618	1
610	620	1
611	637	1
612	763	1
613	723	1
614	793	1
615	257	1
615	337	1
616	265	1
617	147	1
618	391	1
619	805	1
620	226	1
621	104	1
622	120	1
623	91	1
624	708	1
625	413	1
626	136	1
627	202	1
628	745	1
629	112	1
630	752	1
631	565	1
632	173	1
633	787	1
634	259	1
635	468	1
636	108	1
637	128	1
638	893	1
639	31	1
640	851	1
641	131	1
642	339	1
643	593	1
644	580	1
645	176	1
646	571	1
647	533	1
648	675	1
649	298	1
650	700	1
651	130	1
652	316	1
653	717	1
654	154	1
655	642	1
656	619	1
657	114	1
658	512	1
659	720	1
660	36	1
661	199	1
662	764	1
663	393	1
664	185	1
665	785	1
666	225	1
667	322	1
668	856	1
669	183	1
670	208	1
671	889	1
672	596	1
673	86	1
674	576	1
675	213	1
676	326	1
677	420	1
678	676	1
679	495	1
680	365	1
681	133	1
682	177	1
683	220	1
684	341	1
685	589	1
686	639	1
687	900	1
688	904	1
689	449	1
690	71	1
690	390	1
690	467	1
691	913	1
692	294	1
692	458	1
693	73	1
694	300	1
695	366	1
696	222	1
697	296	1
698	701	1
699	683	1
699	688	1
700	175	1
701	267	1
702	221	1
703	82	1
703	246	1
704	45	1
704	448	1
705	809	1
706	169	1
707	158	1
707	279	1
708	180	1
709	562	1
710	227	1
711	510	1
712	849	1
713	403	1
714	500	1
715	640	1
716	738	1
717	170	1
718	474	1
719	17	1
720	770	1
721	318	1
722	460	1
723	64	1
724	531	1
725	719	1
726	432	1
727	653	1
727	769	1
728	46	1
729	623	1
730	162	1
731	436	1
731	454	1
732	482	1
733	276	1
734	408	1
735	101	1
736	757	1
737	538	1
738	488	1
739	90	1
740	694	1
741	54	1
742	902	1
743	26	1
744	151	1
745	834	1
746	471	1
747	149	1
748	445	1
749	65	1
750	523	1
751	435	1
752	803	1
753	285	1
754	846	1
755	106	1
756	318	1
757	315	1
758	871	1
759	60	1
760	346	1
761	375	1
762	850	1
763	783	1
764	121	1
765	422	1
766	137	1
767	204	1
768	524	1
769	631	1
770	249	1
771	899	1
772	543	1
773	23	1
774	758	1
775	179	1
776	497	1
777	281	1
778	704	1
779	595	1
780	319	1
781	55	1
782	907	1
783	366	1
784	731	1
785	367	1
786	485	1
787	258	1
788	439	1
789	744	1
790	741	1
791	791	1
792	441	1
793	358	1
794	561	1
795	832	1
796	696	1
797	788	1
798	627	1
799	235	1
800	109	1
801	247	1
802	824	1
803	897	1
804	50	1
805	3	1
805	368	1
806	2	1
807	852	1
808	423	1
809	352	1
810	148	1
811	822	1
812	7	1
813	338	1
814	66	1
814	881	1
815	549	1
816	0	1
817	600	1
818	748	1
819	388	1
820	875	1
821	760	1
822	552	1
823	307	1
824	212	1
824	390	1
824	568	1
825	362	1
826	705	1
827	579	1
828	697	1
829	378	1
830	674	1
831	396	1
832	451	1
833	598	1
834	22	1
835	726	1
836	743	1
837	622	1
838	621	1
839	585	1
840	819	1
841	916	1
842	740	1
843	85	1
844	256	1
845	243	1
846	310	1
847	48	1
848	443	1
849	273	1
850	49	1
851	190	1
852	509	1
853	96	1
854	735	1
855	89	1
856	150	1
857	417	1
858	877	1
859	325	1
860	380	1
861	187	1
862	873	1
863	188	1
864	126	1
865	81	1
866	772	1
867	625	1
868	853	1
869	829	1
870	359	1
871	328	1
872	635	1
873	161	1
874	164	1
875	58	1
876	233	1
877	692	1
878	473	1
879	730	1
880	890	1
881	251	1
882	405	1
883	14	1
884	478	1
885	643	1
886	333	1
887	827	1
888	882	1
889	385	1
890	839	1
891	556	1
892	555	1
893	193	1
894	866	1
895	110	1
896	840	1
897	577	1
898	603	1
899	568	1
